train,test_year,brier_raw,brier_cal,ece_raw,ece_cal,std_proba_raw,std_proba_cal,pct_above_55_cal,ls_ann_return,ls_sharpe,ls_max_dd,ls_win_rate,ls_t_stat,q5_q1_spread
2022-2022,2024,0.252,0.2503,0.04592,0.01561,0.00389,0.00747,0.2,-0.9257,-1.405,-0.7383,0.4405,-1.405,-0.001528
2022-2023,2025,0.2499,0.2497,0.01121,0.00284,0.00517,0.00728,0.06,0.6965,1.49,-0.2921,0.548,1.484,0.004022
