train,test_year,brier_raw,brier_cal,ece_raw,ece_cal,std_proba_raw,std_proba_cal,pct_above_55_cal,ls_ann_return,ls_sharpe,ls_max_dd,ls_win_rate,ls_t_stat,q5_q1_spread
2022-2022,2024,0.252,0.2501,0.04583,0.01604,0.00423,0.00496,0.0,0.381,0.976,-0.3567,0.5198,0.976,0.000956
2022-2023,2025,0.2499,0.2498,0.01102,0.00749,0.00812,0.01104,0.0,0.4855,1.034,-0.2952,0.532,1.03,0.001682
