train,test_year,brier_raw,brier_cal,ece_raw,ece_cal,std_proba_raw,std_proba_cal,pct_above_55_cal,ls_ann_return,ls_sharpe,ls_max_dd,ls_win_rate,ls_t_stat,q5_q1_spread
2022-2022,2024,0.2519,0.2503,0.0453,0.02019,0.00201,0.0108,7.78,-0.4848,-0.626,-0.6872,0.4841,-0.626,0.00166
2022-2023,2025,0.2499,0.2497,0.01096,0.00168,0.00753,0.01255,0.2,0.2956,0.658,-0.3563,0.524,0.656,0.002684
