train,test_year,brier,ls_ann_return,ls_sharpe,ls_max_dd,ls_win_rate,ls_t_stat,q5_q1_spread
2022-2022,2024,0.2521,-0.7549,-0.79,-0.8053,0.4762,-0.79,-0.00159
2022-2023,2025,0.2499,0.2841,0.576,-0.2796,0.496,0.574,-0.001205
